"Intersections","Degree","Observed.Overlap","Expected.Overlap","FE","P.value","Elements"
"JH",1,378,NA,NA,NA,"ABCA7, ABCB9, ABHD11, ACADL, ADAM22, ADAM28, ADH7, ADI1, AGTR1, ALAS2, ALDH9A1, ANGPT1, ANGPTL7, ANK2, ANKMY1, ANO1, AOC1, APPL1, AQP1, ARHGAP28, ARIH2, ARPP21, ATF6, ATP2B2, ATP2B3, ATP7A, AUTS2, B3GAT1, B4GALT1, BMPR2, BRINP2, BTNL8, BUB1, C11ORF1, C1ORF115, C1ORF54, C1R, C2CD2L, C6ORF10, C7ORF49, CALD1, CAMK2G, CAPRIN2, CATR1, CCDC81, CCND2, CCND3, CD200, CD40LG, CD93, CDC42EP4, CDCA4, CDKN1C, CELSR1, CELSR3, CENPJ, CEP290, CFD, CFH, CGGBP1, CHI3L1, CHST2, CIB1, CISH, CLCA3P, CLCN4, CLIC5, CLN6, CNTNAP2, COA4, COCH, COL19A1, COQ9, CORO2B, CP, CRISPLD2, CROCCP2, CRP, CTAG2, CTSB, CUX2, CXCL11, CXCR6, CYB561, CYBRD1, CYP27A1, CYP2C8, CYP3A5, CYTL1, DACT1, DAPK1, DARS2, DBNDD1, DCPS, DCTD, DDX17, DENND1A, DHRS2, DHRS3, DHX34, DIAPH3, DISC1, DIXDC1, DNAH17, DOCK9, DR1, DSG1, DSG2, DTX4, DUS2, DUSP14, DYNC1LI1, DYNC1LI2, E2F8, ECHDC3, EFCAB14, EFCAB2, EFHC2, EHHADH, EIF5A, EMP1, ENC1, EPB41L2, ERAP1, ERMAP, EXOSC7, EXPH5, EYA3, F7, FABP1, FAM118A, FAM149A, FAM206A, FAM224A, FARS2, FBLN5, FBXO22, FBXO41, FBXO9, FCRL2, FEZ2, FKBP9, FN1, FST, GAS1, GLA, GLB1L, GLIPR1, GLTP, GM2A, GNAT1, GPM6A, GPNMB, GPR37, GPX3, GSTM4, H1F0, H2AFX, HELLS, HES1, HLA-DOA, HLA-DOB, HLA-DQA1, HLA-DQB1, HLF, HOXA1, HOXB2, HRASLS, HSD3B2, HSPA2, HYAL3, ICAM4, IGFBP2, IGLJ3, IGSF9B, IKZF1, IL12B, IL12RB2, IL4, IL9R, INPP5E, IQCK, IRF5, ISL1, ITGB4, ITM2A, JAG1, JAKMIP2, KALRN, KAT8, KCNAB2, KCNE1, KCNH2, KCNJ8, KCNK15, KCNMA1, KCNV1, KCTD2, KDM4D, KHNYN, KIAA1024, KIR2DS4, KLHL36, LAPTM4B, LDB2, LDHC, LGSN, LHFP, LIMCH1, LINC02172, LIPA, LPIN1, LRRC17, LYVE1, LZTS1, MAGEA1, MAK, MAOA, MAP2K5, MAP2K7, MAU2, MBOAT7, MCM10, MCTP1, MFN2, MMP1, MN1, MPZL2, MTHFR, MUC8, MVB12B, MYH13, MYO1B, MYO5C, MYT1, NAAA, NAG18, NCAM1, NCAPG2, NCOA3, NEBL, NEDD4L, NELL1, NFIB, NKX3-1, NLE1, NLGN4Y, NOVA1, NPC1, NPDC1, NPIPB15, NPLOC4, NQO2, NSDHL, NUCKS1, OCLN, OIP5, OLFM1, PARVB, PCDHA9, PCNX1, PDE1A, PDGFRB, PDLIM3, PEX11A, PIAS2, PIP5K1B, PLA2G16, PLBD1, POLR2C, POLR2D, PON2, POU4F1, PPFIBP2, PRKG1, PRRX1, PRUNE2, PSAT1, PTPN11, PTPN3, PTPRB, PVALB, QKI, RAB11FIP3, RAB15, RAB7A, RAC1, RARRES1, RCL1, RET, RETREG2, RFWD3, RLN1, RPE65, RPS28, S100B, SAFB, SDHD, SERPINA7, SERPINB13, SERPINB9, SFRP1, SHISA6, SI, SLC11A2, SLC12A7, SLC22A3, SLC45A2, SLC4A5, SLC6A15, SLC6A2, SLC7A8, SLCO1B1, SLITRK5, SMARCD2, SNCA, SOCS2, SOWAHC, SP2, SPP1, SRPX, SRPX2, SRR, SRSF11, SSX2IP, STATH, SUGCT, SYNJ2, TARP, TCF7L2, TCTN1, TEX11, TFDP3, TFPI, TFPI2, THBD, THNSL2, TM7SF3, TMEM51, TMEM97, TMPRSS3, TNP2, TOX3, TPM2, TPSAB1, TRIM2, TRIO, TSHR, TTC12, TUBB2A, TUBB3, TUFM, TUSC3, UNC93A, UPK1A, USH2A, USP34, UTS2, VAMP4, VANGL1, VASH1, VGLL3, WDR41, WDR60, WDR77, WIPI1, WNT5B, XIAP, YES1, YME1L1, ZKSCAN3, ZNF155, ZNF280A, ZNF37BP, ZNF460, ZNF532, ZNF814, ZNF835"
"CW",1,2077,NA,NA,NA,"AARS, ABAT, ABCA1, ABCA2, ABCA3, ABCA5, ABCA6, ABCB1, ABCB11, ABCB6, ABCB7, ABCC1, ABCC2, ABCD1, ABCD2, ABCD3, ABCE1, ABCG2, ABCG4, ABHD2, ABHD4, ABHD6, ABI1, ABLIM1, ACAA1, ACAA2, ACADL, ACADM, ACADSB, ACADVL, ACAT1, ACAT2, ACE, ACHE, ACO2, ACOX1, ACOX2, ACOX3, ACP1, ACP5, ACSL4, ACSL5, ACSL6, ACSM1, ACTA1, ACTB, ACTC1, ACTG2, ACTN2, ACTN3, ACTN4, ACVR1B, ACVR2A, ADAM12, ADAM15, ADAM17, ADAM2, ADAR, ADCY9, ADD1, ADD2, ADD3, ADGRL2, ADH1C, ADH5, ADH7, ADIPOQ, ADIPOR1, ADIPOR2, ADM, ADORA2B, ADRA2B, ADSL, AEBP1, AFF1, AFG3L2, AGER, AGFG1, AGGF1, AGL, AGPAT4, AGRN, AGXT, AHCY, AHSP, AIFM1, AIMP2, AK1, AK2, AK4, AKR1A1, AKR1C2, AKR1D1, AKT2, AKT3, ALAD, ALAS1, ALAS2, ALB, ALDH1A1, ALDH1L1, ALDH2, ALDH3A1, ALDH3A2, ALDH3B1, ALDH6A1, ALDH7A1, ALDH9A1, ALDOB, ALOX12B, ALOX15B, AMD1, AMFR, ANGPTL3, ANK1, ANKRD2, ANKZF1, ANP32E, ANXA10, ANXA2, ANXA5, ANXA9, AOX1, AP3S1, APBB2, APEX1, APLNR, APLP1, APOA1, APOD, APOE, APP, AQP3, AQP9, AR, ARG1, ARG2, ARHGDIG, ARHGEF12, ARHGEF6, ARHGEF9, ARID4A, ARL2BP, ARL4A, ARPC5L, ARPP19, ASB7, ASCL1, ASF1A, ASNS, ASS1, ATAD2, ATF3, ATG4A, ATP1B1, ATP2A2, ATP2B1, ATP2B4, ATP2C1, ATP4A, ATP5A1, ATP5B, ATP5C1, ATP5D, ATP5E, ATP5F1, ATP5G1, ATP5G2, ATP5G3, ATP5H, ATP5J, ATP5L, ATP5O, ATP6AP1, ATP6V0A1, ATP6V0B, ATP6V0E1, ATP6V1C1, ATP6V1D, ATP6V1E1, ATP6V1F, ATP6V1G1, ATP7A, ATRX, ATXN1, AUH, AURKA, AVL9, AXL, B2M, B4GALT1, B4GALT4, B4GALT5, BAG1, BAIAP2, BAK1, BARD1, BATF, BATF3, BAX, BCAM, BCAN, BCAR3, BCAT1, BCKDHB, BCL10, BCL2, BCL2A1, BCL2L1, BCL6, BDH2, BDKRB2, BGN, BHLHE40, BIK, BIN1, BIRC2, BIRC3, BIRC5, BLVRA, BLVRB, BMP1, BMP2, BMP2K, BMP6, BMPR1A, BMPR2, BNIP3L, BPGM, BPNT1, BRCA1, BRCA2, BSG, BST2, BTBD3, BTG1, BTG2, BTG3, BUB1, BUB3, BYSL, C1QA, C1QBP, C1R, C1S, C2, C3AR1, C5, C9, CA1, CA12, CA2, CACNA1F, CACNA1H, CACNA2D2, CACNG1, CAD, CADM1, CALCB, CALCR, CALD1, CALML5, CALR, CAMK1D, CAMK2B, CAMKK2, CANX, CAPN5, CAPN9, CASP1, CASP4, CASP5, CASP6, CASP7, CASP8, CASP8AP2, CASP9, CAST, CAT, CAV1, CAV3, CAVIN3, CBL, CBLB, CBR1, CBX1, CBX3, CBX5, CCK, CCL2, CCL22, CCL4, CCL5, CCNA1, CCNA2, CCND1, CCND2, CCND3, CCNE1, CCNF, CCNG2, CCR5, CCRL2, CCT2, CCT3, CCT4, CCT5, CCT7, CD2, CD207, CD209, CD28, CD36, CD40, CD40LG, CD44, CD46, CD47, CD48, CD55, CD59, CD69, CD70, CD74, CD79A, CD80, CD83, CD86, CD8A, CD8B, CD99, CDA, CDC20, CDC25B, CDC27, CDC42BPA, CDC45, CDC5L, CDC6, CDCA3, CDCA8, CDH1, CDH11, CDH13, CDH15, CDH16, CDH2, CDH6, CDH8, CDK1, CDK2, CDK4, CDKN1A, CDKN1B, CDKN1C, CDKN2A, CDKN2B, CEBPB, CEBPD, CELF2, CENPA, CENPE, CENPF, CENPM, CENPN, CFB, CFH, CFLAR, CFTR, CHEK1, CHPT1, CHRM4, CHRNA1, CHRNG, CHST2, CHST8, CIR1, CISH, CKAP4, CKB, CKM, CKMT2, CKS1B, CKS2, CLCA2, CLCF1, CLCN3, CLDN15, CLDN16, CLDN8, CLDN9, CLEC5A, CLIC2, CLIC3, CLN6, CLNS1A, CLPS, CLSTN3, CLTB, CLU, CMPK1, CNBP, CNDP2, CNN2, CNN3, CNOT9, CNTFR, CNTN1, COL11A1, COL15A1, COL16A1, COL1A1, COL1A2, COL3A1, COL4A1, COL4A2, COL5A1, COL5A2, COL6A1, COL6A2, COL6A3, COL7A1, COL8A2, COMT, COPS5, COPZ2, CORO1A, COX10, COX11, COX15, COX4I1, COX5A, COX5B, COX6A1, COX6A2, COX6B1, COX6C, COX7A1, COX7A2, COX7A2L, COX7B, COX7C, COX8A, CP, CPA2, CPEB3, CPM, CPOX, CPT1A, CR1, CRABP2, CRAT, CRLF1, CROCCP2, CROT, CRP, CRTAM, CRYAB, CRYZ, CS, CSAD, CSE1L, CSF1, CSF2, CSF2RB, CSK, CSRP3, CST8, CSTF2, CTBP1, CTCF, CTF1, CTSB, CTSD, CTSE, CTSF, CTSS, CUL1, CUL3, CUL4A, CUL5, CX3CL1, CXCL10, CXCL11, CXCL12, CXCL14, CXCL2, CXCL9, CXCR3, CXCR4, CYB5A, CYC1, CYCS, CYFIP1, CYFIP2, CYP11B2, CYP1A1, CYP26A1, CYP27A1, CYP2C18, CYP2J2, CYP4A11, CYP4F11, CYP7A1, CYR61, DAAM1, DAPK2, DBF4, DBT, DCAF10, DCAF11, DCC, DCK, DCLRE1B, DCN, DCTPP1, DCUN1D1, DCXR, DDC, DDIT3, DDIT4, DDX18, DDX21, DDX39A, DDX58, DECR1, DEK, DENND5A, DEPDC1, DES, DGAT1, DHCR24, DHCR7, DHPS, DHRS1, DHRS2, DHRS7, DHX15, DHX16, DIAPH3, DIO1, DIO2, DLAT, DLD, DLG1, DLG4, DLG5, DLK2, DMC1, DMD, DMP1, DMPK, DMRT1, DNAJB4, DNAJB9, DNAJC1, DNAJC12, DNMT1, DOCK10, DOCK4, DPP4, DPYSL4, DR1, DRAM1, DST, DTNA, DTNB, DTYMK, DUSP1, DUSP2, DUSP4, DUSP5, DUSP6, DUT, DYRK1A, E2F2, E2F8, EBP, ECH1, ECHS1, ECI1, ECI2, ECM2, EDN1, EED, EFEMP2, EFHC1, EFHD1, EFNA5, EFS, EGFR, EGR1, EHD1, EHHADH, EI24, EIF1, EIF1AX, EIF2AK1, EIF2S1, EIF2S2, EIF3A, EIF3B, EIF3D, EIF3J, EIF4E, EIF4G2, EIF4H, ELANE, ELL2, ELN, ELOVL5, ELOVL6, EMP1, EMP2, ENDOD1, ENO1, ENO2, ENPEP, ENPP2, ENTPD7, EPB41, EPB41L2, EPB41L3, EPB42, EPHA2, EPHA5, EPHB2, EPHB3, EPHX1, EPHX2, EPOR, EPRS, ERBB2, ERBB3, ERH, ERMAP, ERO1A, ESPL1, ESR1, ESR2, ESYT1, ETF1, ETFA, ETFB, ETFDH, ETS2, ETV4, ETV5, EVI5, EVL, EWSR1, EXOSC5, EXOSC7, EXT2, EZH1, EZH2, F10, F13A1, F2, F2R, F2RL1, F2RL2, F3, F5, F7, FABP1, FABP3, FADS2, FAH, FAM162A, FAM46C, FARP1, FARSA, FAS, FASLG, FBL, FBLN1, FBLN2, FBN1, FBP1, FBXO34, FBXO5, FBXO7, FBXO9, FCER1G, FDFT1, FDPS, FDX1, FDXR, FECH, FERMT2, FETUB, FGF18, FGF2, FGF22, FGFR3, FGL2, FH, FHL1, FJX1, FKBP1B, FKBP2, FKBP4, FKBP5, FLII, FLNB, FLT4, FMO1, FMOD, FN1, FN3K, FOS, FOSB, FOSL2, FOXC1, FOXC2, FOXJ2, FOXO3, FOXO4, FPR1, FSCN1, FST, FSTL1, FSTL3, FTCD, FURIN, FXN, FYN, FZD1, FZD5, G0S2, G3BP1, G3BP2, G6PC, GAA, GABARAPL1, GADD45A, GADD45B, GAL, GALE, GALNT1, GALNT3, GAMT, GAPDH, GAPVD1, GART, GATA1, GATA3, GBP2, GCA, GCLC, GCLM, GCNT1, GCNT2, GDE1, GDNF, GGA2, GJA1, GJA5, GJB3, GLA, GLCE, GLIPR1, GLMN, GLO1, GLRX, GLRX5, GLS2, GLUD1, GM2A, GMPS, GNAI3, GNAO1, GNB2, GNG11, GNMT, GNPAT, GOT1, GOT2, GP1BA, GP2, GP9, GPC3, GPI, GPNMB, GPR182, GPR183, GPR19, GPR87, GPRC5C, GPX3, GRB2, GRB7, GRHPR, GRID2, GRK5, GRM8, GRPEL1, GRWD1, GSN, GSPT1, GSR, GSTA3, GSTK1, GSTM3, GSTM4, GUCY1A3, GYPA, GYPB, GYPC, GYPE, GYS2, GZMA, GZMB, H1F0, H2AFV, HADH, HADHB, HAGH, HAO1, HAX1, HBB, HBBP1, HBD, HBEGF, HBQ1, HBZ, HCCS, HDAC2, HDAC5, HDAC9, HDDC2, HDGF, HEBP1, HELLS, HES1, HEXIM1, HIF1A, HIST1H1C, HIST1H1T, HIST3H2A, HK2, HLA-DMA, HLA-DOB, HLA-DQA1, HLA-F, HLA-G, HMBS, HMGA1, HMGB3, HMGCR, HMGCS1, HMGCS2, HMGN2, HMOX1, HNF1A, HNF4A, HNRNPA1, HNRNPA2B1, HNRNPA3, HNRNPC, HNRNPD, HNRNPR, HNRNPU, HOMER1, HOXC10, HOXD11, HPCAL4, HPGD, HPRT1, HR, HRAS, HRG, HRH1, HS2ST1, HS3ST1, HSD11B1, HSD17B10, HSD17B2, HSD17B4, HSD17B6, HSD17B7, HSD3B1, HSP90AB1, HSPA4, HSPA4L, HSPA9, HSPB2, HSPB8, HSPD1, HSPE1, HTATIP2, HTR1B, HTR1D, HTRA1, HTRA2, HUS1, IARS, ICA1, ICAM1, ICAM4, ICAM5, ICOSLG, IDH1, IDH2, IDH3A, IDH3B, IDH3G, IDI1, IDUA, IER2, IER5, IFI35, IFI44, IFIH1, IFIT2, IFIT3, IFITM1, IFNAR1, IFNAR2, IFNGR2, IFRD1, IGF1, IGF1R, IGF2R, IGFBP1, IGFBP2, IGFBP3, IGFBP4, IGFBP5, IGSF3, IKBKB, IKZF2, IL10, IL11, IL13, IL15, IL16, IL18, IL1A, IL1B, IL1R1, IL1RL2, IL23A, IL2RA, IL3RA, IL4R, IL6, IL6ST, IL7R, ILF2, ILF3, IMP4, INHBA, INHBB, INPP4B, INPPL1, INSIG1, INSL5, IPO4, IPO7, IRF1, IRF2, IRF5, IRF8, IRS2, IRS4, ISCA1, ISCU, ISG15, ISG20, ISOC1, ITGA5, ITGA7, ITGB1, ITGB2, ITGB3, ITGB4, ITGB5, ITGB8, ITGBL1, ITIH1, ITIH3, ITIH4, ITIH5, ITPK1, JAG1, JAK2, JAM3, JMJD6, JUN, JUP, KARS, KAT2B, KCND1, KCNE2, KCNH1, KCNH2, KCNIP2, KCNJ2, KCNJ8, KCNQ2, KDELR3, KEL, KHNYN, KIF11, KIF18B, KIF20B, KIF22, KIF2A, KIF2C, KIF4A, KIF5C, KIFC3, KIT, KLF1, KLF10, KLF3, KLF4, KLF5, KLF6, KLF9, KLHDC8A, KLK1, KLK10, KLK11, KLK2, KLK7, KLK8, KPNA2, KPNB1, KRT1, KRT13, KRT15, KRT5, KRT8, KYNU, LAMA1, LAMA2, LAMA3, LAMC1, LAMC2, LAMP2, LAMP3, LARGE1, LAS1L, LBR, LCAT, LCK, LCP2, LDB3, LDHA, LDHB, LDHC, LDLR, LDLRAP1, LFNG, LGALS3, LIF, LIFR, LIG1, LIMA1, LIPE, LLGL2, LMO2, LOX, LOXL1, LPAR1, LPAR6, LPIN1, LPIN2, LRP1, LRP10, LRPPRC, LSM2, LSM7, LSP1, LSR, LTA, LTA4H, LTB, LUC7L3, LUM, LY6E, LY96, LYN, LYPD3, M6PR, MAD2L1, MAF, MAFB, MAFF, MAGIX, MAK, MAN1A1, MAOA, MAP2K5, MAP3K1, MAP3K20, MAP3K6, MAP3K8, MAP4K1, MAP7, MAPK11, MAPK13, MAPK14, MAPRE3, MAPT, MARCH2, MARCH6, MARCH8, MARCKS, MARK3, MB, MBOAT2, MCCC1, MCL1, MCM2, MCM3, MCM4, MCM5, MCM6, MCM7, MDH1, MDH2, MDK, MDM2, ME1, MEF2C, MEF2D, MEIS2, MERTK, METAP1, METTL3, MFHAS1, MGAT1, MGLL, MGMT, MGST3, MICB, MINPP1, MIOS, MKI67, MKRN1, MLLT10, MMD, MMP1, MMP13, MMP14, MMP16, MMP8, MOSPD1, MPHOSPH10, MPI, MPP1, MPP2, MPP5, MPZL2, MRPL11, MRPL15, MRPL23, MRPL34, MRPL35, MRPL9, MRPS11, MRPS12, MRPS15, MRPS18B, MRPS22, MRPS30, MRPS31, MRTO4, MT1E, MT2A, MT3, MTA1, MTF2, MTHFD1, MTOR, MTRF1, MTRR, MTX2, MUC1, MVP, MXI1, MYB, MYBBP1A, MYBPC3, MYBPH, MYF6, MYH1, MYH11, MYH3, MYH4, MYH7, MYH8, MYH9, MYL1, MYL2, MYL4, MYL6B, MYL7, MYL9, MYLK, MYLPF, MYO15A, MYO1C, MYO1E, MYOF, MYOG, MYOM2, NAB2, NAMPT, NAP1L1, NAP1L2, NARF, NASP, NAV2, NBL1, NCAM1, NCBP1, NCBP2, NCK1, NCL, NCOA3, NCOA4, NCOR2, NDRG1, NDUFA1, NDUFA2, NDUFA3, NDUFA4, NDUFA5, NDUFA6, NDUFA7, NDUFA8, NDUFA9, NDUFAB1, NDUFAF4, NDUFB1, NDUFB2, NDUFB4, NDUFB5, NDUFB6, NDUFB7, NDUFB8, NDUFC1, NDUFS3, NDUFS4, NDUFS6, NDUFS7, NDUFV1, NDUFV2, NEDD4, NEK2, NEK7, NF1, NF2, NFAT5, NFE2, NFE2L1, NFE2L2, NFIL3, NFKBIA, NFKBIB, NFS1, NFYC, NHP2, NINJ1, NLRP3, NME1, NMI, NMT1, NMU, NOC4L, NOL3, NOLC1, NOP16, NOP2, NOS1, NOTCH1, NOTCH2, NPC1, NPM1, NPY1R, NPY5R, NQO1, NR1D2, NR1H4, NR3C1, NR3C2, NR4A1, NR4A2, NR4A3, NR6A1, NRIP2, NSD2, NSDHL, NTF3, NTRK3, NUDT11, NUDT21, NUFIP1, NUMA1, NUP107, NUP205, NUPR1, NXF1, NXT1, OAS1, OASL, OAT, OAZ3, OCEL1, ODC1, OGDH, OGFR, OLFM1, OPA1, OPN3, OPRK1, OPTN, ORC2, ORC6, OSBP2, OSGIN1, OSMR, OXA1L, P2RX6, P2RY2, P4HA1, P4HA2, PA2G4, PABPC4, PAFAH1B1, PAICS, PAN2, PANX1, PAOX, PAPD7, PAPOLB, PAPSS2, PARP12, PARP2, PARVA, PAX3, PAX4, PC, PCLO, PCNA, PCP4, PCSK1N, PDCD1, PDE4B, PDE6B, PDGFA, PDHA1, PDHB, PDHX, PDK2, PDK4, PDLIM3, PDLIM4, PDLIM5, PDLIM7, PDP1, PDS5B, PDZK1IP1, PECR, PERP, PES1, PEX1, PEX11A, PEX11B, PEX14, PEX16, PEX19, PEX26, PEX5, PEX6, PEX7, PFKFB3, PFKL, PGAM2, PGD, PGK1, PGK2, PGLS, PGM1, PGR, PGRMC1, PGS1, PHB, PHB2, PHF3, PHF7, PHLDA1, PHLDA2, PHYH, PIAS2, PICALM, PICK1, PIGQ, PIK3CA, PIK3CD, PIK3CG, PIK3R3, PIM1, PINK1, PIPOX, PITPNB, PITPNC1, PKP1, PKP3, PLA2G16, PLA2G4A, PLAG1, PLAT, PLAU, PLAUR, PLCG1, PLEC, PLEK, PLEK2, PLK1, PLK3, PLK4, PLOD1, PLOD2, PLPP3, PLSCR1, PLXNB1, PLXNB2, PML, PMM1, PMP22, PMPCA, PNMT, PNN, PNP, POLA2, POLD1, POLD2, POLE, POLE3, POLG2, POLH, POLQ, POLR2F, POLR2H, POLR3G, POM121, POP7, POR, POSTN, PPARD, PPARGC1A, PPBP, PPFIA4, PPIB, PPIF, PPM1B, PPM1G, PPOX, PPP1R15A, PPP1R8, PPP2CB, PPP2R5B, PPP4C, PPRC1, PQLC1, PQLC3, PRC1, PRDX2, PRDX3, PRDX4, PRELID3B, PREP, PRIM2, PRKAB1, PRKAR2A, PRKCA, PRKCE, PRKDC, PRKN, PRLR, PRMT2, PRMT5, PRNP, PROCR, PROS1, PRPF31, PRPF4B, PRPS1, PRPS2, PRRX1, PRSS2, PRSS23, PSEN1, PSEN2, PSENEN, PSMA1, PSMA2, PSMA3, PSMA4, PSMA7, PSMB2, PSMB3, PSMB8, PSMB9, PSMC2, PSMC4, PSMC6, PSMD1, PSMD13, PSMD14, PSMD3, PSMD7, PSMD8, PSME1, PSMG1, PTAFR, PTEN, PTGDS, PTGER3, PTGER4, PTGES, PTGES3, PTGFR, PTGIS, PTGS2, PTK2, PTK2B, PTP4A3, PTPN2, PTPN21, PTPN6, PTPRD, PTPRE, PTPRJ, PTPRM, PTTG1, PTTG3P, PUS1, PVR, PWP1, PXMP2, PYCR1, PYGM, RAB40C, RABEP1, RABGAP1L, RAC2, RACGAP1, RAD1, RAD21, RAD23A, RAD23B, RAD50, RAD51C, RAF1, RALGDS, RAN, RANBP1, RANBP10, RAP1GAP, RARS, RASAL2, RB1, RBL1, RBM38, RBM5, RBP4, RBPJ, RBX1, RCAN1, RCE1, RCL1, RDH11, REEP1, REL, RELA, RET, RETN, RETSAT, RFC2, RFC3, RFC4, RGS1, RGS11, RGS16, RHAG, RHOB, RHOF, RHOT1, RHOT2, RIOK3, RIPK2, RNASEH2A, RNF123, RNF19A, RNF19B, RNH1, RNPS1, RPE, RPL14, RPL18, RPL22, RPL34, RPL6, RPLP0, RPS10, RPS12, RPS19, RPS3, RPS5, RPS6, RPS6KA2, RPS6KA5, RRAD, RRAGD, RRM1, RRM2, RRP12, RRP9, RSAD2, RSL1D1, RTP4, RUVBL2, RXRA, RXRB, RXRG, RYR2, S100A4, S100A9, SAMM50, SAP30, SAR1B, SAT1, SCARB1, SCD, SCG5, SCN10A, SCN1B, SCN9A, SCNN1A, SCUBE2, SDC1, SDC2, SDC3, SDCBP, SDF2L1, SDHA, SDHC, SDHD, SEC14L1, SEC61A1, SECTM1, SELENBP1, SELENOP, SELL, SELP, SERBP1, SERPINA1, SERPINA10, SERPINA5, SERPINA6, SERPINB2, SERPINE1, SERPINH1, SF3B3, SFMBT1, SFN, SFPQ, SFRP4, SGCA, SGCB, SGCD, SGK1, SH2B1, SHC1, SHMT1, SHMT2, SHOX2, SIAH2, SIDT1, SIDT2, SIGMAR1, SIRT2, SIT1, SLC10A3, SLC11A2, SLC12A2, SLC12A3, SLC12A4, SLC16A1, SLC16A6, SLC16A7, SLC19A1, SLC1A4, SLC1A5, SLC22A1, SLC22A18, SLC22A4, SLC23A2, SLC24A3, SLC25A11, SLC25A12, SLC25A13, SLC25A20, SLC25A23, SLC25A3, SLC25A37, SLC25A38, SLC25A4, SLC25A5, SLC25A6, SLC26A2, SLC27A2, SLC28A2, SLC29A1, SLC29A3, SLC2A1, SLC2A3, SLC2A5, SLC2A8, SLC30A10, SLC31A1, SLC31A2, SLC35A3, SLC35B1, SLC35D1, SLC37A4, SLC38A1, SLC38A3, SLC46A3, SLC4A1, SLC5A5, SLC5A6, SLC6A3, SLC6A6, SLC6A8, SLC6A9, SLC7A1, SLC7A11, SLC7A5, SLC9A3R1, SLPI, SMAD3, SMARCC1, SMC1A, SMC2, SMC3, SMC4, SMC6, SMOX, SMS, SMTN, SNAP25, SNCA, SNCB, SNN, SNRPA, SNRPA1, SNRPB, SNRPB2, SNRPD1, SNRPD2, SNRPD3, SNRPG, SNTB1, SOAT2, SOCS1, SOCS3, SOCS5, SOD1, SOD3, SORBS1, SORBS3, SOX10, SOX3, SP1, SP110, SPAG4, SPAG5, SPARC, SPC25, SPDEF, SPHK2, SPINT2, SPOCK1, SPON1, SPOP, SPP1, SPSB1, SPTA1, SPTAN1, SPTB, SQLE, SQSTM1, SRC, SRD5A1, SRD5A3, SRF, SRI, SRM, SRP19, SRPK1, SRSF1, SRSF10, SRSF3, SRSF7, SS18, SSB, SSBP1, SSPN, SSR1, SSRP1, ST14, ST5, ST6GAL1, ST8SIA4, STAG1, STAG3, STAM2, STARD7, STAT1, STAT2, STAT3, STC1, STC2, STEAP3, STIL, STIP1, STK25, STMN1, STOM, STX4, SUCLA2, SUCLG1, SUCLG2, SULT2B1, SUPV3L1, SURF1, SUV39H1, SVIL, SYMPK, SYNCRIP, SYNJ1, SYNJ2, SYNPO, SYTL2, TACC3, TACR3, TAL1, TALDO1, TANK, TAPBP, TARDBP, TAT, TBRG4, TCAP, TCEA1, TCF7L2, TCHH, TCIRG1, TCN2, TCOF1, TDO2, TEAD4, TES, TEX15, TFAP2B, TFAP2C, TFB2M, TFCP2L1, TFDP2, TFF1, TFF2, TFPI, TFPI2, TFRC, TG, TGFA, TGFB1, TGFB2, TGFBR2, TGFBR3, TGFBRAP1, TGIF1, TGM2, TH, THBD, THBS1, THBS2, THNSL2, THRB, THY1, TIAM1, TIMELESS, TIMM10, TIMM13, TIMM17A, TIMM8B, TIMM9, TIMP1, TIMP2, TIMP3, TIPARP, TIPIN, TJP3, TK1, TLE4, TLR1, TLX1, TMBIM6, TMCC2, TMEM140, TMEM158, TMEM176A, TMEM176B, TMEM8B, TMEM97, TMEM9B, TMPO, TNC, TNFAIP2, TNFAIP3, TNFAIP6, TNFAIP8, TNFRSF11B, TNFRSF12A, TNFRSF1A, TNFRSF21, TNFRSF8, TNFSF10, TNFSF15, TNFSF9, TNIP1, TNNC1, TNNC2, TNNI1, TNNI3, TNNT1, TNNT2, TNNT3, TNRC6B, TNS1, TOGARAM1, TOMM22, TOMM40, TOMM70, TOP1, TOP2A, TOR1AIP2, TP53, TP63, TPBG, TPD52, TPD52L1, TPI1, TPM1, TPM2, TPM4, TPSAB1, TPST1, TRA2B, TRAF1, TRAF4, TRAIP, TRAK2, TRIB1, TRIM10, TRIM14, TRIM25, TRIM28, TRIM29, TRIM58, TRIP13, TRO, TSC1, TSC2, TSHB, TSPAN1, TSPAN13, TSPAN4, TSPAN5, TSPAN7, TSPO2, TSTA3, TUBB, TUBB2A, TUBG1, TUFM, TXN, TXNIP, TXNL4A, TYR, U2AF1, UBA2, UBAC1, UBE2D1, UBE2E1, UBE2L3, UBE2L6, UCHL5, UCP2, UGDH, UGP2, UGT2B17, UNC13B, UNG, UPB1, UPP1, UQCR10, UQCR11, UQCRB, UQCRC1, UQCRC2, UQCRFS1, UQCRQ, UROD, UROS, USH1C, USP1, USP12, USP8, VAV2, VBP1, VCAN, VCPIP1, VDAC1, VDAC2, VDAC3, VDR, VEGFA, VEGFC, VEZF1, VIP, VLDLR, VNN1, VPS50, VWA5A, WARS, WAS, WDR43, WDR74, WEE1, WFS1, WIPF1, WISP2, WIZ, WNT5A, WRN, WWTR1, XBP1, XDH, XK, XPC, XPNPEP1, XPO1, XPO7, XPOT, XRCC3, XRCC6, YKT6, YPEL5, YRDC, YTHDC1, YWHAH, YWHAQ, ZBTB16, ZEB1, ZFP36, ZFP36L1, ZFPM2, ZNF292"
"CW & JH",2,91,56.8340813667294,1.60115194636138,1.93865156236912e-06,"ACADL, ADH7, ALAS2, ALDH9A1, ATP7A, B4GALT1, BMPR2, BUB1, C1R, CALD1, CCND2, CCND3, CD40LG, CDKN1C, CFH, CHST2, CISH, CLN6, CP, CROCCP2, CRP, CTSB, CXCL11, CYP27A1, DHRS2, DIAPH3, DR1, E2F8, EHHADH, EMP1, EPB41L2, ERMAP, EXOSC7, F7, FABP1, FBXO9, FN1, FST, GLA, GLIPR1, GM2A, GPNMB, GPX3, GSTM4, H1F0, HELLS, HES1, HLA-DOB, HLA-DQA1, ICAM4, IGFBP2, IRF5, ITGB4, JAG1, KCNH2, KCNJ8, KHNYN, LDHC, LPIN1, MAK, MAOA, MAP2K5, MMP1, MPZL2, NCAM1, NCOA3, NPC1, NSDHL, OLFM1, PDLIM3, PEX11A, PIAS2, PLA2G16, PRRX1, RCL1, RET, SDHD, SLC11A2, SNCA, SPP1, SYNJ2, TCF7L2, TFPI, TFPI2, THBD, THNSL2, TMEM97, TPM2, TPSAB1, TUBB2A, TUFM"
"SS",1,682,NA,NA,NA,"ABCB4, ABCC9, ABHD5, ABO, ACAA2, ACACA, ACACB, ACD, ACP2, ACP5, ACP6, ACTL6B, ADAM17, ADARB2, ADAT1, ADIPOR2, ADK, ADM, ADRA1A, AGA, AGAP1, AGER, AKAP9, ALPL, ALPP, AMBP, AMFR, ANAPC5, ANGPT2, ANK3, ANKMY1, ANKRD1, ANO1, AOC2, AP3D1, APMAP, APOBEC3F, APOBEC3G, APOE, AREL1, ARHGAP26, ARHGAP32, ARHGAP6, ARIH2, ARL6IP4, ARSD, ASAH1, ASMTL, ASNS, ASRGL1, ASXL1, ATP2A3, ATP6V0E1, ATP6V1G2, ATP9B, ATRX, AUP1, B4GALT7, BAG5, BCL2A1, BCL2L1, BEND5, BEX3, BGN, BIN1, BLM, BMPR1A, BNIP1, BPGM, BRD3, BRD4, BTN3A2, BTNL3, C14ORF159, C1ORF115, C1ORF54, C2ORF42, C4BPA, CA8, CABIN1, CACNA1E, CACNA1I, CACNA2D2, CALD1, CAMK1D, CAMK2G, CAND2, CAP1, CASS4, CC2D1A, CCND1, CD22, CD24, CD36, CD40, CD79B, CD8A, CDC25B, CDC42SE1, CDCA4, CDCA8, CDKN1C, CDKN2C, CDKN2D, CES1, CES3, CFAP45, CFD, CFH, CFHR4, CFLAR, CGGBP1, CHAF1A, CHCHD3, CHI3L1, CHKB, CHPT1, CIB1, CKAP4, CLCN4, CLCN7, CLEC10A, CLEC5A, CLK2, CLTA, CNMD, COCH, COL4A3, COL5A3, COL9A2, COQ6, COQ8B, COX15, CPQ, CRAT, CRELD2, CROCCP3, CSNK1G2, CST7, CSTF2T, CTDNEP1, CTSB, CXCL6, CXCR5, CYFIP2, CYP27A1, CYP2D6, CYTH4, DAPK2, DAXX, DDX39A, DENND1C, DENND3, DENND4B, DGAT1, DGKZ, DHFR, DHRS9, DHX16, DLG5, DNAI2, DNAJB1, DNAJB12, DNASE1L1, DNASE2, DPEP2, DPY19L1P1, DPYD, DSP, DYNC1H1, DYNC1LI1, DYNLRB1, E2F2, E2F8, E4F1, EBP, ECHDC3, EEF1A2, EIF2AK1, EIF2B5, EIF4B, EIF4H, EIF5A, ELAC2, ELAVL2, ELOA, EMP3, ENDOD1, ENDOG, ENO3, ENOSF1, ENPP3, EPHA5, ERBB2, ERI3, ERICH1, ERO1B, ESR1, ETV1, EXT1, EXT2, EZR, F2RL1, F7, FADS2, FAM13A, FAM214B, FAM215A, FAM53B, FANCA, FCGBP, FCGR2B, FDXR, FGF13, FHL2, FMNL1, FNBP1, FPR2, FSTL3, FTH1, FXYD7, FZD2, GAB1, GABRP, GADD45G, GALK2, GALNT10, GALNT6, GAS2L1, GAS7, GBF1, GDE1, GDPD5, GGA2, GID4, GLIPR1, GLRB, GLTP, GLUL, GM2A, GNL3L, GON4L, GOSR2, GPR39, GPX1, GRAMD1C, GRHPR, GSE1, GSTM1, GSTT1, GYPA, GZMH, GZMM, HAMP, HAS2, HBE1, HERC2, HGF, HIGD2A, HIPK1, HIST1H1T, HIST3H2A, HLA-DOB, HLA-DPA1, HLA-DPB1, HLA-DQA1, HLA-DQB1, HLA-DRB4, HLA-F, HNF4A, HNRNPH1, HOXA1, HP, HRASLS2, HRG, HSD17B6, HTR2C, HUWE1, IDH3B, IFFO1, IFI44L, IFNAR2, IFT46, IGF1, IGF1R, IGFBP7, IGHM, IGK, IGKC, IGLC1, IL12RB2, IL16, IL18RAP, IMPAD1, INHBB, INPP5B, INPP5F, INTS1, INVS, IQCB1, IRF5, IST1, ITCH, ITGAX, ITGB3, ITGB4, ITPKB, ITPR3, JAM3, JARID2, JUP, KANK2, KANK3, KCNAB2, KDM4C, KDM5D, KIF11, KIF14, KLHDC4, KLRG1, KMT2A, LAMP2, LAPTM4B, LAX1, LHX2, LIMK2, LINC01963, LMF1, LMNA, LPAR1, LRRC14, LSG1, LTA4H, LTB, LTBP1, LTK, LUNAR1, LZTS1, MACF1, MAG, MAN2A2, MAOA, MAP2K4, MAP2K7, MAP3K14, MAP4K1, MAP7, MAPKAPK2, MARCH6, MARCH8, MARK3, MASP2, MAST3, MBD3, MBP, MCCC2, MCM4, MCM5, MCTP1, MDC1, MED1, MED13, MED16, MEP1B, METTL17, MGAM, MICB, MINK1, MKNK1, MKRN1, MMP9, MOCS1, MORN1, MPP1, MPPE1, MPRIP, MPZL1, MRPL49, MTCH1, MTMR11, MTMR3, MUC13, MUC5AC, MUS81, MYH11, MYH14, MYO1B, MYO3A, MYOM2, NAALADL1, NAV2, NCOA1, NCR3, NDN, NDUFA10, NDUFB7, NEFH, NEK2, NEK9, NF1, NFE2, NFIC, NGDN, NIPA2, NKX3-1, NLRP2, NR3C1, NR4A2, NRG1, NSUN6, NT5DC3, NUDCD3, NUP210, NUP85, NUPL2, NUTF2, OAS1, OAZ1, OCLN, OLFML2A, OR2W1, OR7E14P, OSBPL2, OTC, OXLD1, PA2G4, PADI4, PAX4, PCDH7, PCGF3, PCNX2, PDCD11, PDCD6, PDE6C, PDK3, PDLIM4, PDLIM5, PDP1, PEA15, PECAM1, PEX13, PGRMC1, PHC1, PHEX, PI4KA, PIH1D1, PIN1, PIR, PITPNA, PKNOX1, PLA2G16, PLEK, PLEKHA8P1, PLOD2, PLPP3, PMPCA, PNKP, POLD1, POLM, POLR1D, POLR2C, POMT1, POMZP3, POU2AF1, PPFIA4, PPFIBP2, PPIE, PPIH, PPM1E, PPP2R2A, PPP2R5A, PPP4R1, PPP6R2, PREB, PRKAR2B, PRKD3, PRKY, PRMT2, PRPF31, PRSS21, PSRC1, PSTPIP1, PTPA, PTPN11, PTPN7, PTPRB, PTPRE, PTPRF, PTTG1, PWP2, PXDC1, PYGM, PYHIN1, QKI, QRSL1, RAB11FIP5, RAB2A, RAB8A, RAD54L2, RASA3, RASSF1, RBKS, RBM48, RBMXL2, RCHY1, RGS9, RHD, RHO, RHOBTB1, RIOK3, RIPPLY3, RNASE6, RNF44, RNFT1, RPH3A, RPH3AL, RPL37A, RPL38, RPS19, RRAD, RRH, RUBCNL, RUNX3, RYR1, RYR2, S1PR4, SAV1, SCAF4, SCAND2P, SCT, SDC2, SDC3, SEC14L1, SEC16A, SEC24C, SERINC3, SERPINA7, SERPINB4, SERPINB6, SERPINB9, SERPINE2, SERPINF1, SET, SETBP1, SF3A1, SFPQ, SFSWAP, SH3BP5, SLC14A1, SLC15A2, SLC22A18, SLC22A4, SLC25A37, SLC2A3, SLC36A1, SLC38A10, SLC47A1, SLC6A6, SMAD3, SMARCA2, SMARCAL1, SMTN, SNCA, SNED1, SNRNP25, SNRNP40, SNRPA, SNX3, SNX5, SNX6, SPAG6, SPATA20, SPATA5L1, SPON1, SPP1, SRPK1, SRR, SRRT, ST20, STARD8, STAT1, STK11, STRN3, SUGP2, SULT1C2, SUPT3H, SUSD4, SUSD6, SYNCRIP, SYNJ2, SYT12, TADA3, TAOK3, TAS2R9, TATDN2, TBC1D17, TBC1D31, TBCD, TCF7L2, TCL1A, TCP11L1, TCTN3, THBD, TIMP1, TINF2, TK2, TLK1, TLR6, TMBIM6, TMEM11, TMEM121, TMEM158, TMEM176B, TMEM39B, TMEM5, TMF1, TNFAIP6, TNFRSF10B, TOP2A, TOP3A, TP53, TPD52L1, TPM1, TPP2, TPPP, TPPP3, TPSAB1, TPST1, TRAP1, TRAPPC10, TRAPPC3, TRAPPC9, TRIM10, TRIM2, TRIM3, TRIM5, TRIM58, TSPAN5, TSPAN8, TTC12, TUBB1, TUSC2, TWF2, TYK2, UBE2L3, UBIAD1, UBR2, UNC93A, UTY, UVRAG, VAC14, VANGL1, VASH1, VPREB3, VPS33B, VSIG4, WASL, WDR41, WDR83OS, WISP3, WNK1, XAF1, XYLT2, YLPM1, YME1L1, ZBTB7A, ZER1, ZFP64, ZFPM2, ZKSCAN4, ZMYM4, ZNF142, ZNF200, ZNF211, ZNF276, ZNF335, ZNF444, ZNF764, ZNF767P, ZNF804A, ZSCAN18, ZSWIM8"
"SS & JH",2,64,18.6619371651947,3.42944033266614,1.93483143476509e-18,"ANKMY1, ANO1, ARIH2, C1ORF115, C1ORF54, CALD1, CAMK2G, CDCA4, CDKN1C, CFD, CFH, CGGBP1, CHI3L1, CIB1, CLCN4, COCH, CTSB, CYP27A1, DYNC1LI1, E2F8, ECHDC3, EIF5A, F7, GLIPR1, GLTP, GM2A, HLA-DOB, HLA-DQA1, HLA-DQB1, HOXA1, IL12RB2, IRF5, ITGB4, KCNAB2, LAPTM4B, LZTS1, MAOA, MAP2K7, MCTP1, MYO1B, NKX3-1, OCLN, PLA2G16, POLR2C, PPFIBP2, PTPN11, PTPRB, QKI, SERPINA7, SERPINB9, SNCA, SPP1, SRR, SYNJ2, TCF7L2, THBD, TPSAB1, TRIM2, TTC12, UNC93A, VANGL1, VASH1, WDR41, YME1L1"
"SS & CW",2,167,102.54191400029,1.62860232938044,2.20402853149406e-11,"ACAA2, ACP5, ADAM17, ADIPOR2, ADM, AGER, AMFR, APOE, ASNS, ATP6V0E1, ATRX, BCL2A1, BCL2L1, BGN, BIN1, BMPR1A, BPGM, CACNA2D2, CALD1, CAMK1D, CCND1, CD36, CD40, CD8A, CDC25B, CDCA8, CDKN1C, CFH, CFLAR, CHPT1, CKAP4, CLEC5A, COX15, CRAT, CTSB, CYFIP2, CYP27A1, DAPK2, DDX39A, DGAT1, DHX16, DLG5, E2F2, E2F8, EBP, EIF2AK1, EIF4H, ENDOD1, EPHA5, ERBB2, ESR1, EXT2, F2RL1, F7, FADS2, FDXR, FSTL3, GDE1, GGA2, GLIPR1, GM2A, GRHPR, GYPA, HIST1H1T, HIST3H2A, HLA-DOB, HLA-DQA1, HLA-F, HNF4A, HRG, HSD17B6, IDH3B, IFNAR2, IGF1, IGF1R, IL16, INHBB, IRF5, ITGB3, ITGB4, JAM3, JUP, KIF11, LAMP2, LPAR1, LTA4H, LTB, MAOA, MAP4K1, MAP7, MARCH6, MARCH8, MARK3, MCM4, MCM5, MICB, MKRN1, MPP1, MYH11, MYOM2, NAV2, NDUFB7, NEK2, NF1, NFE2, NR3C1, NR4A2, OAS1, PA2G4, PAX4, PDLIM4, PDLIM5, PDP1, PGRMC1, PLA2G16, PLEK, PLOD2, PLPP3, PMPCA, POLD1, PPFIA4, PRMT2, PRPF31, PTPRE, PTTG1, PYGM, RIOK3, RPS19, RRAD, RYR2, SDC2, SDC3, SEC14L1, SFPQ, SLC22A18, SLC22A4, SLC25A37, SLC2A3, SLC6A6, SMAD3, SMTN, SNCA, SNRPA, SPON1, SPP1, SRPK1, STAT1, SYNCRIP, SYNJ2, TCF7L2, THBD, TIMP1, TMBIM6, TMEM158, TMEM176B, TNFAIP6, TOP2A, TP53, TPD52L1, TPM1, TPSAB1, TPST1, TRIM10, TRIM58, TSPAN5, UBE2L3, ZFPM2"
"SS & CW & JH",3,21,2.80591019922611,7.48420245444489,1.69502470072523e-12,"CALD1, CDKN1C, CFH, CTSB, CYP27A1, E2F8, F7, GLIPR1, GM2A, HLA-DOB, HLA-DQA1, IRF5, ITGB4, MAOA, PLA2G16, SNCA, SPP1, SYNJ2, TCF7L2, THBD, TPSAB1"
"AY",1,190,NA,NA,NA,"ABCG5, ACTR1B, ADAMTS8, ADGRB3, ADGRF1, ADGRG6, ADRB1, AHSG, AKAP9, ANGEL1, ANXA10, AP3D1, API5, ASCL1, BATF3, BBS9, BLVRA, BRCA2, BRD4, C1ORF123, CACNG4, CACTIN, CALR, CAMK2A, CD58, CDADC1, CENPI, CEP112, CHMP1B, CHST10, CLDN7, COL5A1, CREBZF, DCLK1, DCX, DIRAS3, DKK3, DNAJB12, DNAL4, DPY19L1P1, DRD4, ECT2, EDA, EDDM3A, F9, FANCC, FASLG, FBXL12, FERMT1, FHL2, FMO3, FOLR1, FUT9, GABRB3, GCA, GDF10, GFER, GFRA1, GIT2, GNA11, GNAS, GNL3L, GPRC5B, GSTCD, H2AFX, HIP1R, HIST1H3C, ICA1, IFFO1, IL23A, INSL6, ITGA1, ITGAM, ITPKA, ITPKC, KBTBD4, KCNE5, KCNS3, KIAA1456, KLF12, KLHL26, L3MBTL1, LARGE1, LINC00963, LINC01482, LOC100505534, LRRC1, LRRFIP2, MAGEB1, MAGEC1, MAP3K13, MAPK9, MBP, MC2R, MCM3AP, MCM4, MEOX2, MINDY2, MMP16, MRPL39, MSH6, MTMR4, MYH14, NEB, NEU2, NLE1, NLRP2, OGFOD2, ORC5, PCDH9, PDE3A, PHF2, PHLPP1, PLA2G15, PLA2G6, PLAGL2, PLCE1, PPP1R3A, PPP2R1B, PPP2R3A, PRDX2, PRLR, PRSS21, PTH, PTK6, PYY, QKI, RABGAP1L, RAC1, RANBP3, RAPGEF5, RGS1, RGS2, RHBDD3, RNH1, ROCK2, RPLP2, RPP25, RUBCNL, RUFY3, RYR3, SBSPON, SCAMP1, SEC23IP, SFN, SH3TC2, SIK2, SIRT5, SLC13A1, SLC16A4, SLC25A31, SLC28A1, SLC39A4, SLC4A7, SPP1, SRD5A1, SRP72, SRPX2, SYN2, SYNM, TAF5L, TANK, TBC1D30, TBCC, TCF20, TMEM206, TMF1, TOP1, TRAF3IP1, TRPC4, TSC22D2, TSHR, TUBGCP3, UBA52, UBC, UFD1, UGT2B15, UST, VIM, VPS13B, VPS41, WIPF2, XCL1, ZBTB7A, ZNF165, ZNF267, ZNF609, ZNF717, ZSCAN5A, ZYX"
"AY & JH",2,7,5.19907340379325,1.34639376218324,0.264878540530069,"H2AFX, NLE1, QKI, RAC1, SPP1, SRPX2, TSHR"
"AY & CW",2,24,28.5673953959751,0.840118592098928,0.850448018710473,"ANXA10, ASCL1, BATF3, BLVRA, BRCA2, CALR, COL5A1, FASLG, GCA, ICA1, IL23A, LARGE1, MCM4, MMP16, PRDX2, PRLR, RABGAP1L, RGS1, RNH1, SFN, SPP1, SRD5A1, TANK, TOP1"
"AY & CW & JH",3,1,0.781705187467684,1.27925465512066,0.543530242983584,"SPP1"
"AY & SS",2,18,9.38033878673809,1.91890723877142,0.00611846622256838,"AKAP9, AP3D1, BRD4, DNAJB12, DPY19L1P1, FHL2, GNL3L, IFFO1, MBP, MCM4, MYH14, NLRP2, PRSS21, QKI, RUBCNL, SPP1, TMF1, ZBTB7A"
"AY & SS & JH",3,2,0.256679315287896,7.79182380846218,0.0276373245836748,"QKI, SPP1"
"AY & SS & CW",3,2,1.41037814246815,1.41805941242114,0.41244923325244,"MCM4, SPP1"
"AY & SS & CW & JH",4,1,0.0385929446831447,25.9114718560656,0.0378646142734971,"SPP1"
